{
    "MODEL_INFO": [
        {
            "file_path": "data/MODEL/gear000.x",
            "position": {
                "x": 876.5258178710938,
                "y": 628.6329956054688,
                "z": 916.6229858398438
            },
            "rotation": {
                "x": 1.5707963705062866,
                "y": 0.0,
                "z": 0.0
            }
        },
        {
            "file_path": "data/MODEL/sword_rack001.x",
            "position": {
                "x": -146.3594970703125,
                "y": 0.0,
                "z": 395.6263427734375
            },
            "rotation": {
                "x": 0.0,
                "y": 0.0,
                "z": 0.0
            }
        },
        {
            "file_path": "data/MODEL/pillar000.x",
            "position": {
                "x": 880.9244995117188,
                "y": 0.0,
                "z": 919.2861328125
            },
            "rotation": {
                "x": 0.0,
                "y": 0.0,
                "z": 0.0
            }
        }
    ]
}