{
    "MODEL_INFO": [
        {
            "file_path": "data/MODEL/003_armUR.x",
            "position": {
                "x": 85.96332550048828,
                "y": 0.0,
                "z": -35.76744842529297
            },
            "rotation": {
                "x": 0.0,
                "y": 0.0,
                "z": 0.0
            },
            "type": "static"
        },
        {
            "file_path": "data/MODEL/002_head.x",
            "position": {
                "x": -33.95838928222656,
                "y": 3.5640268325805664,
                "z": 66.56716918945313
            },
            "rotation": {
                "x": 0.0,
                "y": 0.0,
                "z": 0.0
            },
            "type": "static"
        }
    ]
}