{
    "MODEL_INFO": [
        {
            "file_path": "data/MODEL/monument.x",
            "position": {
                "x": -185.75843811035156,
                "y": 47.68793869018555,
                "z": 12.948275566101074
            },
            "rotation": {
                "x": 0.0,
                "y": 0.0,
                "z": 0.0
            }
        },
        {
            "file_path": "data/MODEL/dust000.x",
            "position": {
                "x": -0.9488718509674072,
                "y": 162.97512817382813,
                "z": 22.53943634033203
            },
            "rotation": {
                "x": 0.0,
                "y": 0.0,
                "z": 0.0
            }
        }
    ]
}